"","X","GrammyAward","GrammyYear","Genre","Name","Artist"
"1",0,"Record Of The Year",2018,"General","this is America","Childish Gambino"
"2",1,"Song Of The Year",2018,"General","this is America","Childish Gambino"
"3",2,"Best Pop Solo Performance",2018,"Pop","Joanne (where Do you Think You're Goin'?)","Lady Gaga"
"4",3,"Best Pop Duo/Group Performance",2018,"Pop","Shallow","Lady Gaga & Bradley Cooper"
"5",4,"Best Dance Recording",2018,"Dance/Electronic Music","Electricity","Silk City & Dua Lipa Featuring Diplo & Mark Ronson"
"6",5,"Best Rock Performance",2018,"Rock","when Bad Does Good","Chris Cornell"
"7",6,"Best Metal Performance",2018,"Rock","Electric Messiah","High on Fire"
"8",7,"Best Rock Song",2018,"Rock","Masseduction","St Vincent"
"9",8,"Best R&B Performance",2018,"R&B","Best Part","He.r. Featuring Daniel Caesar"
"10",9,"Best Traditional R&B Performance",2018,"R&B","How Deep is your Love","Pj Morton Featuring Yebba"
"11",10,"Best R&B Song",2018,"R&B","Boo'd Up","Ella Mai"
"12",11,"Best Rap Performance",2018,"Rap","Bubblin","Anderson Paak"
"13",12,"Best Rap/Sung Performance",2018,"Rap","this is America","Childish Gambino"
"14",13,"Best Rap Song",2018,"Rap","God's Plan","Drake"
"15",14,"Best Country Solo Performance",2018,"Country","Butterflies","Kacey Musgraves"
"16",15,"Best Country Duo/Group Performance",2018,"Country","Tequila","Dan   Shay"
"17",16,"Best Country Song",2018,"Country","Space Cowboy","Kacey Musgraves"
"18",17,"Best Improvised Jazz Solo",2018,"Jazz","Don't Fence Me in","John Daversa, Soloistregina Carter, Soloistfred Hersch, Soloistbrad Mehldau, Soloistmiguel zenón, Soloist"
"19",18,"Best Gospel Performance/Song",2018,"Gospel/Contemporary Christian Music","Never Alone","Tori Kelly Featuring Kirk Franklin; Kirk Franklin & Victoria Kelly, Songwritersjekalyn Carr; Allen Carr & Jekalyn Carr, Songwriterskoryn Hawthornejonathan Mcreynolds Featuring Doe; Jonathan Mcreynolds & will Reagan, Songwritersbrian Courtney Wilson; Aaron w Lindsey, Alvin Richardson & Brian Courtney Wilson, Songwriters"
"20",19,"Best Contemporary Christian Music Performance/Song",2018,"Gospel/Contemporary Christian Music","you Say","Lauren Daigle; Lauren Daigle, Jason Ingram & Paul Mabury, Songwriterscory Asbury; Cory Asbury, Caleb Culver & Ran Jackson, Songwritersfor King & Country; Ben Glover, Matt Hales, Stephen Blake Kanicka, Seth Mosley, Joel Smallbone, Luke Smallbone & Tedd Tjornhom, Songwritersmercyme Featuring John Reuben; David Garcia, Ben Glover, Mercyme, Solomon Olds & John Reuben, Songwriterstauren Wells; Ethan Hulse, Jordan Sapp & Tauren Wells, Songwriters"
"21",20,"Best American Roots Performance",2018,"American Roots Music","The Joke","Brandi Carlile"
"22",21,"Best American Roots Song",2018,"American Roots Music","The Joke","Brandi Carlile"
"23",22,"Best Song Written For Visual Media",2018,"Composing/Arranging","Shallow","Lady Gaga & Bradley Cooper"
"24",23,"Record Of The Year",2017,"General","24k Magic","Bruno Mars"
"25",24,"Song Of The Year",2017,"General","That's What i Like","Bruno Mars"
"26",25,"Best Pop Solo Performance",2017,"Pop","Shape of you","Ed Sheeran"
"27",26,"Best Pop Duo/Group Performance",2017,"Pop","Feel it Still","Portugal the Man"
"28",27,"Best Dance Recording",2017,"Dance/Electronic Music","Tonite","Lcd Soundsystem"
"29",28,"Best Rock Performance",2017,"Rock","you Want it Darker","Leonard Cohen"
"30",29,"Best Metal Performance",2017,"Rock","Sultan’s Curse","Mastodon"
"31",30,"Best Rock Song",2017,"Rock","Run","Dave Grohl, Taylor Hawkins, Rami Jaffee, Nate Mendel, Chris Shiflett & Pat Smear), Songwriters (Foo Fighters"
"32",31,"Best R&B Performance",2017,"R&B","That's What i Like","Bruno Mars"
"33",32,"Best Traditional R&B Performance",2017,"R&B","Redbone","Childish Gambino"
"34",33,"Best R&B Song",2017,"R&B","That's What i Like","Bruno Mars"
"35",34,"Best Rap Performance",2017,"Rap","Humble.","Kendrick Lamar"
"36",35,"Best Rap/Sung Performance",2017,"Rap","Loyalty.","Kendrick Lamar Featuring Rihanna"
"37",36,"Best Rap Song",2017,"Rap","Humble.","Kendrick Lamar"
"38",37,"Best Country Solo Performance",2017,"Country","Either Way","Chris Stapleton"
"39",38,"Best Country Duo/Group Performance",2017,"Country","Better Man","Little Big Town"
"40",39,"Best Country Song",2017,"Country","Broken Halos","Chris Stapleton"
"41",40,"Best Improvised Jazz Solo",2017,"Jazz","Miles Beyond","John Mclaughlin, Soloist"
"42",41,"Best Gospel Performance/Song",2017,"Gospel/Contemporary Christian Music","Never Have to be Alone","Cece Winans; Dwan Hill & Alvin Love Iii, Songwriters"
"43",42,"Best Contemporary Christian Music Performance/Song",2017,"Gospel/Contemporary Christian Music","What a Beautiful Name","Hillsong Worship; Ben Fielding & Brooke Ligertwood, Songwriters"
"44",43,"Best American Roots Performance",2017,"American Roots Music","Killer Diller Blues","Alabama Shakes"
"45",44,"Best American Roots Song",2017,"American Roots Music","If We Were Vampires","Jason Isbell and the 400 Unit"
"46",45,"Best Song Written For Visual Media",2017,"Composing/Arranging","How Far I'll Go","Auli'i Cravalho"
"47",46,"Record Of The Year",2016,"General","Hello","Adele"
"48",47,"Song Of The Year",2016,"General","Hello","Adele"
"49",48,"Best Pop Solo Performance",2016,"Pop","Hello","Adele"
"50",49,"Best Pop Duo/Group Performance",2016,"Pop","Stressed Out","Twenty One Pilots"
"51",50,"Best Dance Recording",2016,"Dance/Electronic Music","Don't Let Me Down","The Chainsmokers Featuring Daya"
"52",51,"Best Rock Performance",2016,"Rock","Blackstar","David Bowie"
"53",52,"Best Metal Performance",2016,"Rock","Dystopia","Megadeth"
"54",53,"Best Rock Song",2016,"Rock","Blackstar","David Bowie"
"55",54,"Best R&B Performance",2016,"R&B","Cranes in the Sky","Solange"
"56",55,"Best Traditional R&B Performance",2016,"R&B","Angel","Lalah Hathaway"
"57",56,"Best R&B Song",2016,"R&B","Lake by the Ocean","Maxwell"
"58",57,"Best Rap Performance",2016,"Rap","No Problem","Chance the Rapper Featuring Lil Wayne & 2 Chainz"
"59",58,"Best Rap/Sung Performance",2016,"Rap","Hotline Bling","Drake"
"60",59,"Best Rap Song",2016,"Rap","Hotline Bling","Drake"
"61",60,"Best Country Solo Performance",2016,"Country","My Church","Maren Morris"
"62",61,"Best Country Duo/Group Performance",2016,"Country","Jolene","Pentatonix Featuring Dolly Parton"
"63",62,"Best Country Song",2016,"Country","Humble and Kind","Tim Mcgraw"
"64",63,"Best Improvised Jazz Solo",2016,"Jazz","I’m so Lonesome i Could Cry","John Scofield, Soloist"
"65",64,"Best Gospel Performance/Song",2016,"Gospel/Contemporary Christian Music","God Provides","Tamela Mann; Kirk Franklin, Songwriter"
"66",65,"Best Contemporary Christian Music Performance/Song",2016,"Gospel/Contemporary Christian Music","Thy will","Hillary Scott & the Scott Family; Bernie Herms, Hillary Scott & Emily Weisband, Songwriters"
"67",66,"Best American Roots Performance",2016,"American Roots Music","House of Mercy","Sarah Jarosz"
"68",67,"Best American Roots Song",2016,"American Roots Music","Kid Sister","The Time Jumpers"
"69",68,"Best Song Written For Visual Media",2016,"Composing/Arranging","Can't Stop the Feeling!","Justin Timberlake, Anna Kendrick, Gwen Stefani, James Corden, Zooey Deschanel, Walt Dohrn, Ron Funches, Caroline Hjelt, Aino Jawo, Christopher Mintz-Plasse & Kunal Nayyar"
"70",69,"Record Of The Year",2015,"General","Uptown Funk","Mark Ronson Featuring Bruno Mars"
"71",70,"Song Of The Year",2015,"General","Thinking Out Loud","d Sheeran & Amy Wadge, Songwriters"
"72",71,"Best Pop Solo Performance",2015,"Pop","Thinking Out Loud","Ed Sheeran"
"73",72,"Best Pop Duo/Group Performance",2015,"Pop","Uptown Funk","Mark Ronson Featuring Bruno Mars"
"74",73,"Best Dance Recording",2015,"Dance/Electronic Music","where are ü Now","Skrillex and Diplo with Justin Bieber"
"75",74,"Best Rock Performance",2015,"Rock","Don't Wanna Fight","Alabama Shakes"
"76",75,"Best Metal Performance",2015,"Rock","Cirice","Ghost"
"77",76,"Best Rock Song",2015,"Rock","Don't Wanna Fight","Labama Shakes (Zac Cockrell, Heath Fogg, Brittany Howard & Steve Johnson), Songwriters"
"78",77,"Best R&B Performance",2015,"R&B","Earned it (Fifty Shades of Grey)","The Weeknd"
"79",78,"Best Traditional R&B Performance",2015,"R&B","Little Ghetto Boy","Lalah Hathaway"
"80",79,"Best R&B Song",2015,"R&B","Really Love","'Angelo, Gina Figueroa & Kendra Foster, Songwriters"
"81",80,"Best Rap Performance",2015,"Rap","Alright","Kendrick Lamar"
"82",81,"Best Rap Song",2015,"Rap","Alright","Endrick Duckworth, Kawan Prather, Mark Anthony Spears & Pharrell Williams, Songwriters"
"83",82,"Best Country Solo Performance",2015,"Country","Traveller","Chris Stapleton"
"84",83,"Best Country Duo/Group Performance",2015,"Country","Girl Crush","Little Big Town"
"85",84,"Best Country Song",2015,"Country","Girl Crush","Illary Lindsey, Lori Mckenna & Liz Rose, Songwriters"
"86",85,"Best Improvised Jazz Solo",2015,"Jazz","Cherokee","Christian Mcbride, Soloist"
"87",86,"Best Gospel Performance/Song",2015,"Gospel/Contemporary Christian Music","Wanna be Happy?","Kirk Franklin; Kirk Franklin, Songwriter"
"88",87,"Best Contemporary Christian Music Performance/Song",2015,"Gospel/Contemporary Christian Music","Holy Spirit","Francesca Battistelli, Artist"
"89",88,"Best American Roots Performance",2015,"American Roots Music","See that My Grave is Kept Clean","Mavis Staples"
"90",89,"Best American Roots Song",2015,"American Roots Music","24 Frames","Ason Isbell, Songwriter"
"91",90,"Best Song Written For Visual Media",2015,"Composing/Arranging","Glory","Onnie Lynn, Che Smith & John Stephens, Songwriters"
"92",91,"Record Of The Year",2014,"General","Stay with Me (Darkchild Version)","Sam Smith"
"93",92,"Song Of The Year",2014,"General","Stay with Me (Darkchild Version)","Sam Smith"
"94",93,"Best Pop Solo Performance",2014,"Pop","Happy (Live)","Pharrell Williams"
"95",94,"Best Pop Duo/Group Performance",2014,"Pop","Say Something","a Great Big World (Ian Axel & Chad Vaccarino) & Christina Aguilera, Artists"
"96",95,"Best Dance Recording",2014,"Dance/Electronic Music","Rather be","Clean Bandit Featuring Jess Glynne"
"97",96,"Best Rock Performance",2014,"Rock","Lazaretto","Jack White, Artist"
"98",97,"Best Metal Performance",2014,"Rock","The Last in Line","Tenacious d (Jack Black & Kyle Gass), Artists"
"99",98,"Best Rock Song",2014,"Rock","Ain't it Fun","Paramore"
"100",99,"Best R&B Performance",2014,"R&B","Drunk in Love","Beyoncé & Jay Z, Artists (Beyoncé Featuring Jay z)"
"101",100,"Best Traditional R&B Performance",2014,"R&B","Jesus Children","Lalah Hathaway, Robert Glasper Experiment (Casey Benjamin, Mark Colenburg, Robert Glasper & Derrick Hodge) & Malcolm-Jamal Warner, Artists"
"102",101,"Best R&B Song",2014,"R&B","Drunk in Love",""
"103",102,"Best Rap Performance",2014,"Rap","i","Kendrick Lamar"
"104",103,"Best Rap Song",2014,"Rap","i","Kendrick Lamar"
"105",104,"Best Country Solo Performance",2014,"Country","Something in the Water","Carrie Underwood, Artist"
"106",105,"Best Country Duo/Group Performance",2014,"Country","Gentle on My Mind","The Band Perry (Kimberly Perry, Neil Perry & Reid Perry), Artists"
"107",106,"Best Country Song",2014,"Country","I'm not Gonna Miss you","Glen Campbell"
"108",107,"Best Improvised Jazz Solo",2014,"Jazz","Fingerprints","Chick Corea, Soloist"
"109",108,"Best Gospel Performance/Song",2014,"Gospel/Contemporary Christian Music","No Greater Love","Smokie Norful"
"110",109,"Best Contemporary Christian Music Performance/Song",2014,"Gospel/Contemporary Christian Music","Messengers","Lecrae Featuring for King & Country"
"111",110,"Best American Roots Performance",2014,"American Roots Music","a Feather's not a Bird","Rosanne Cash, Artist"
"112",111,"Best American Roots Song",2014,"American Roots Music","a Feather's not a Bird",""
"113",112,"Best Song Written For Visual Media",2014,"Composing/Arranging","Let it Go","Idina Menzel"
"114",113,"Record Of The Year",2013,"General","Get Lucky","Daft punk featuring Pharrell Williams & Nile Rodgers"
"115",114,"Song Of The Year",2013,"General","Royals",""
"116",115,"Best Pop Solo Performance",2013,"Pop","Royals","Lorde"
"117",116,"Best Pop Duo/Group Performance",2013,"Pop","Get Lucky","Daft punk featuring Pharrell Williams & Nile Rodgers"
"118",117,"Best Dance Recording",2013,"Dance/Electronic Music","Clarity","Zedd Featuring Foxes"
"119",118,"Best Rock Performance",2013,"Rock","Radioactive","Imagine Dragons"
"120",119,"Best Metal Performance",2013,"Rock","God is Dead?","Black Sabbath"
"121",120,"Best Rock Song",2013,"Rock","Cut Me some Slack",""
"122",121,"Best R&B Performance",2013,"R&B","Something","Snarky Puppy with Lalah Hathaway"
"123",122,"Best Traditional R&B Performance",2013,"R&B","Please Come Home","Gary Clark Jr"
"124",123,"Best R&B Song",2013,"R&B","Pusher Love Girl",""
"125",124,"Best Rap Performance",2013,"Rap","Thrift Shop","Macklemore & Ryan lewis featuring Wanz"
"126",125,"Best Rap Song",2013,"Rap","Thrift Shop",""
"127",126,"Best Country Solo Performance",2013,"Country","Wagon Wheel","Darius Rucker"
"128",127,"Best Country Duo/Group Performance",2013,"Country","From this Valley","The Civil Wars"
"129",128,"Best Country Song",2013,"Country","Merry Go 'Round",""
"130",129,"Best Improvised Jazz Solo",2013,"Jazz","Orbits","Wayne Shorter, Soloist"
"131",130,"Best American Roots Song",2013,"American Roots Music","Love Has Come for you",""
"132",131,"Best Song Written For Visual Media",2013,"Composing/Arranging","Skyfall",""
"133",132,"Record Of The Year",2012,"General","Somebody that i Used to Know","Gotye Featuring Kimbra"
"134",133,"Song Of The Year",2012,"General","We are Young","Fun Featuring Janelle Monáe"
"135",134,"Best Pop Solo Performance",2012,"Pop","Set Fire to the Rain [live]","Adele"
"136",135,"Best Pop Duo/Group Performance",2012,"Pop","Somebody that i Used to Know","Gotye Featuring Kimbra"
"137",136,"Best Dance Recording",2012,"Dance/Electronic Music","Bangarang","skrillex featuring Sirah"
"138",137,"Best Rock Performance",2012,"Rock","Lonely Boy","The Black Keys"
"139",138,"Best Rock Song",2012,"Rock","Lonely Boy","The Black Keys"
"140",139,"Best R&B Performance",2012,"R&B","Climax","Usher"
"141",140,"Best Traditional R&B Performance",2012,"R&B","Love on Top","beyoncé"
"142",141,"Best R&B Song",2012,"R&B","Adorn","Miguel"
"143",142,"Best Rap Performance",2012,"Rap","N****s in Paris","Jay-z & Kanye West"
"144",143,"Best Rap Song",2012,"Rap","N****s in Paris","Wa. Donaldson, Songwriter) (Jay-z & Kanye West"
"145",144,"Best Country Solo Performance",2012,"Country","Blown Away","Carrie Underwood"
"146",145,"Best Country Duo/Group Performance",2012,"Country","Pontoon","Little Big Town"
"147",146,"Best Country Song",2012,"Country","Blown Away","Carrie Underwood"
"148",147,"Best Improvised Jazz Solo",2012,"Jazz","Hot House","Chick Corea, Soloists"
"149",148,"Best Song Written For Visual Media",2012,"Composing/Arranging","Safe & Sound (from the Hunger Games)",""
"150",149,"Record Of The Year",2011,"General","Rolling in the Deep","Adele"
"151",150,"Song Of The Year",2011,"General","Rolling in the Deep","Adele"
"152",151,"Best Pop Solo Performance",2011,"Pop","Someone Like you","Adele"
"153",152,"Best Pop Duo/Group Performance",2011,"Pop","Body and Soul","Tony Bennett & Amy Winehouse"
"154",153,"Best Dance Recording",2011,"Dance/Electronic Music","Scary Monsters and Nice Sprites","Skrillex"
"155",154,"Best Rock Performance",2011,"Rock","Walk","Foo Fighters"
"156",155,"Best Rock Song",2011,"Rock","Walk","Foo Fighters"
"157",156,"Best R&B Performance",2011,"R&B","Is this Love","Corinne Bailey Rae"
"158",157,"Best Traditional R&B Performance",2011,"R&B","Fool for you","Cee Lo Green & Melanie Fiona"
"159",158,"Best R&B Song",2011,"R&B","Fool for you","Cee Lo Green & Melanie Fiona"
"160",159,"Best Rap Performance",2011,"Rap","Otis","Jay-z & Kanye West"
"161",160,"Best Rap Song",2011,"Rap","all of the Lights","Kanye West, Rihanna, Kid Cudi & Fergie"
"162",161,"Best Country Solo Performance",2011,"Country","Mean","Taylor Swift"
"163",162,"Best Country Duo/Group Performance",2011,"Country","Barton Hollow","The Civil Wars"
"164",163,"Best Country Song",2011,"Country","Mean","Taylor Swift"
"165",164,"Best Improvised Jazz Solo",2011,"Jazz","500 Miles High","Chick Corea, Soloist"
"166",165,"Best Song Written For Visual Media",2011,"Composing/Arranging","i See the Light (from Tangled)","Mandy Moore & Zachary Levi"
"167",166,"Record Of The Year",2010,"General","Need you Now","Lady Antebellum"
"168",167,"Song Of The Year",2010,"General","Need you Now","Lady Antebellum"
"169",168,"Best Female Pop Vocal Performance",2010,"Pop","Bad Romance","Lady Gaga"
"170",169,"Best Male Pop Vocal Performance",2010,"Pop","Just the Way you are","Bruno Mars"
"171",170,"Best Pop Performance By A Duo Or Group With Vocals",2010,"Pop","Hey, Soul Sister (Live)","Train"
"172",171,"Best Pop Collaboration With Vocals",2010,"Pop","Imagine","Herbie Hancock, Pink, Indiaarie, Seal, Konono No 1, Jeff Beck & Oumou Sangare"
"173",172,"Best Dance Recording",2010,"Dance/Electronic Music","Only Girl (in the World)","Rihanna"
"174",173,"Best Hard Rock Performance",2010,"Rock","New Fang","Them Crooked Vultures"
"175",174,"Best Metal Performance",2010,"Rock","El Dorado","Iron Maiden"
"176",175,"Best Rock Song",2010,"Rock","Angry World","Neil Young"
"177",176,"Best Female R&B Vocal Performance",2010,"R&B","Bittersweet","Fantasia"
"178",177,"Best Male R&B Vocal Performance",2010,"R&B","There Goes My Baby","Usher"
"179",178,"Best R&B Performance By A Duo Or Group With Vocals",2010,"R&B","Soldier of Love","Sade"
"180",179,"Best Urban/Alternative Performance",2010,"R&B","Fuck you","Cee Lo Green"
"181",180,"Best R&B Song",2010,"R&B","Shine","John Legend & the Roots"
"182",181,"Best Rap Solo Performance",2010,"Rap","Not Afraid","Eminem"
"183",182,"Best Rap Performance By A Duo Or Group",2010,"Rap","On to the Next One","Jay-z & Swizz Beatz"
"184",183,"Best Rap Song",2010,"Rap","Empire State of Mind","Burt Keyes & Sylvia Robinson, Songwriters"
"185",184,"Best Female Country Vocal Performance",2010,"Country","The House that Built Me","Miranda Lambert"
"186",185,"Best Male Country Vocal Performance",2010,"Country","'Til Summer Comes Around","Keith Urban"
"187",186,"Best Country Song",2010,"Country","Need you Now","Lady Antebellum"
"188",187,"Best Improvised Jazz Solo",2010,"Jazz","a Change is Gonna Come","Herbie Hancock, Soloist"
"189",188,"Record Of The Year",2009,"General","Use Somebody","Kings of Leon"
"190",189,"Song Of The Year",2009,"General","Single Ladies (Put a Ring on it)","beyoncé"
"191",190,"Best Female Pop Vocal Performance",2009,"Pop","Halo","beyoncé"
"192",191,"Best Male Pop Vocal Performance",2009,"Pop","Make it Mine","Jason Mraz"
"193",192,"Best Pop Performance By A Duo Or Group With Vocals",2009,"Pop","i Gotta Feeling","The Black Eyed Peas"
"194",193,"Best Pop Collaboration With Vocals",2009,"Pop","Lucky","Jason Mraz & Colbie Caillat"
"195",194,"Best Dance Recording",2009,"Dance/Electronic Music","Poker Face","Lady Gaga"
"196",195,"Best Hard Rock Performance",2009,"Rock","War Machine","Ac/Dc"
"197",196,"Best Metal Performance",2009,"Rock","Dissident Aggressor","Judas Priest"
"198",197,"Best Rock Song",2009,"Rock","Use Somebody","Kings of Leon"
"199",198,"Best Female R&B Vocal Performance",2009,"R&B","Single Ladies (Put a Ring on it)","beyoncé"
"200",199,"Best Male R&B Vocal Performance",2009,"R&B","Pretty Wings","Maxwell"
"201",200,"Best R&B Performance By A Duo Or Group With Vocals",2009,"R&B","Blame it","Jamie Foxx & t-Pain"
"202",201,"Best Urban/Alternative Performance",2009,"R&B","Pearls","Indiaarie & Dobet Gnahore"
"203",202,"Best R&B Song",2009,"R&B","Single Ladies (Put a Ring on it)","beyoncé"
"204",203,"Best Rap Solo Performance",2009,"Rap","D.o.a. (Death of Auto-Tune)","Jay-z"
"205",204,"Best Rap Performance By A Duo Or Group",2009,"Rap","Crack a Bottle","Eminem, Dr Dre & 50 Cent"
"206",205,"Best Rap Song",2009,"Rap","Run this Town","Jay-z), Robyn Fenty, Kanye West & Ernest Wilson, Songwriters (Athanasios Alatas, Songwriter) (Jay-Z, Rihanna & Kanye West"
"207",206,"Best Female Country Vocal Performance",2009,"Country","White Horse","Taylor Swift"
"208",207,"Best Male Country Vocal Performance",2009,"Country","Sweet Thing","Keith Urban"
"209",208,"Best Country Song",2009,"Country","White Horse","Taylor Swift"
"210",209,"Best Improvised Jazz Solo",2009,"Jazz","Dancin' 4 Chicken","Terence Blanchard, Soloist"
"211",210,"Record Of The Year",2008,"General","Please Read the Letter","Alison Krauss"
"212",211,"Song Of The Year",2008,"General","Viva La Vida","Coldplay"
"213",212,"Best Female Pop Vocal Performance",2008,"Pop","Chasing Pavements","Adele"
"214",213,"Best Male Pop Vocal Performance",2008,"Pop","Say","John Mayer"
"215",214,"Best Pop Performance By A Duo Or Group With Vocals",2008,"Pop","Viva La Vida","Coldplay"
"216",215,"Best Pop Collaboration With Vocals",2008,"Pop","Rich Woman","Alison Krauss"
"217",216,"Best Dance Recording",2008,"Dance/Electronic Music","Harder Better Faster Stronger","Daft Punk"
"218",217,"Best Hard Rock Performance",2008,"Rock","Wax Simulacra","The Mars Volta"
"219",218,"Best Metal Performance",2008,"Rock","My Apocalypse","Metallica"
"220",219,"Best Rock Song",2008,"Rock","Girls in their Summer Clothes","Bruce Springsteen"
"221",220,"Best Female R&B Vocal Performance",2008,"R&B","Superwoman","Alicia Keyss"
"222",221,"Best Male R&B Vocal Performance",2008,"R&B","Miss Independent","Ne-Yo"
"223",222,"Best R&B Performance By A Duo Or Group With Vocals",2008,"R&B","Stay with Me (by the Sea)","John Legend"
"224",223,"Best Urban/Alternative Performance",2008,"R&B","Be Ok","Willi.am"
"225",224,"Best R&B Song",2008,"R&B","Miss Independent","Ne-Yo"
"226",225,"Best Rap Solo Performance",2008,"Rap","a Milli","Lil Wayne"
"227",226,"Best Rap Performance By A Duo Or Group",2008,"Rap","Swagga Like Us","Jay-z & Ti. Featuring Kanye West & Lil Wayne"
"228",227,"Best Rap Song",2008,"Rap","Lollipop","Lil Wayne Featuring Static Major"
"229",228,"Best Female Country Vocal Performance",2008,"Country","Last Name","Carrie Underwood"
"230",229,"Best Male Country Vocal Performance",2008,"Country","Letter to Me","Brad Paisley"
"231",230,"Best Country Song",2008,"Country","Stay","Sugarland"
"232",231,"Record Of The Year",2007,"General","Rehab","Amy Winehouse"
"233",232,"Song Of The Year",2007,"General","Rehab","Amy Winehouse"
"234",233,"Best Female Pop Vocal Performance",2007,"Pop","Rehab","Amy Winehouse"
"235",234,"Best Male Pop Vocal Performance",2007,"Pop","What Goes Around...comes Around","Justin Timberlake"
"236",235,"Best Pop Performance By A Duo Or Group With Vocals",2007,"Pop","Makes Me Wonder","Maroon 5"
"237",236,"Best Pop Collaboration With Vocals",2007,"Pop","Gone Gone Gone (Done Moved on)","Alison Krauss"
"238",237,"Best Dance Recording",2007,"Dance/Electronic Music","Lovestoned/i Think She Knows","Justin Timberlake"
"239",238,"Best Hard Rock Performance",2007,"Rock","The Pretender","Foo Fighters"
"240",239,"Best Metal Performance",2007,"Rock","Final Six","Slayer"
"241",240,"Best Rock Song",2007,"Rock","Radio Nowhere","Bruce Springsteen"
"242",241,"Best Female R&B Vocal Performance",2007,"R&B","No One","Alicia Keys"
"243",242,"Best Male R&B Vocal Performance",2007,"R&B","Future Baby Mama","Prince"
"244",243,"Best R&B Performance By A Duo Or Group With Vocals",2007,"R&B","Disrespectful","Mary j Blige"
"245",244,"Best Urban/Alternative Performance",2007,"R&B","Daydreamin'","Lupe Fiasco Featuring Jill Scott"
"246",245,"Best R&B Song",2007,"R&B","No One","Alicia Keys"
"247",246,"Best Rap Solo Performance",2007,"Rap","Stronger","Kanye West"
"248",247,"Best Rap Performance By A Duo Or Group",2007,"Rap","Southside","Common Featuring Kanye West"
"249",248,"Best Rap Song",2007,"Rap","Good Life","Kanye West Featuring t-Pain"
"250",249,"Best Female Country Vocal Performance",2007,"Country","Before He Cheats","Carrie Underwood"
"251",250,"Best Male Country Vocal Performance",2007,"Country","Stupid Boy","Keith Urban"
"252",251,"Best Country Song",2007,"Country","Before He Cheats","Carrie Underwood"
"253",252,"Record Of The Year",2006,"General","Not Ready to Make Nice","Dixie Chicks"
"254",253,"Song Of The Year",2006,"General","Not Ready to Make Nice","Dixie Chicks"
"255",254,"Best Female Pop Vocal Performance",2006,"Pop","Ain't No Other Man","Christina Aguilera"
"256",255,"Best Male Pop Vocal Performance",2006,"Pop","Waiting on the World to Change","John Mayer"
"257",256,"Best Pop Performance By A Duo Or Group With Vocal",2006,"Pop","My Humps","The Black Eyed Peas"
"258",257,"Best Pop Collaboration With Vocals",2006,"Pop","For Once in My Life","Tony Bennett & Stevie Wonder"
"259",258,"Best Dance Recording",2006,"Dance/Electronic Music","Sexy Back","Justin timberlake & Timbaland"
"260",259,"Best Rock Performance By A Duo Or Group With Vocal",2006,"Rock","Dani California","Red Hot Chili Peppers"
"261",260,"Best Hard Rock Performance",2006,"Rock","Woman","Wolfmother"
"262",261,"Best Metal Performance",2006,"Rock","Eyes of the Insane","Slayer"
"263",262,"Best Rock Song",2006,"Rock","Dani California","Red Hot Chili Peppers"
"264",263,"Best Female R&B Vocal Performance",2006,"R&B","Be without you","Mary j Blige"
"265",264,"Best Male R&B Vocal Performance",2006,"R&B","Heaven","John Legend"
"266",265,"Best R&B Performance By A Duo Or Group With Vocals",2006,"R&B","Family Affair","John Legend, Joss Stone with Van Hunt"
"267",266,"Best Urban/Alternative Performance",2006,"R&B","Crazy","Gnarls Barkley"
"268",267,"Best R&B Song",2006,"R&B","Be without you","Mary j Blige"
"269",268,"Best Rap Solo Performance",2006,"Rap","What you Know","Ti."
"270",269,"Best Rap Performance By A Duo Or Group",2006,"Rap","Ridin","Chamillionaire Featuring Krayzie Bone"
"271",270,"Best Rap Song",2006,"Rap","Money Maker","Ludacris Featuring Pharrell"
"272",271,"Best Female Country Vocal Performance",2006,"Country","Jesus, Take the Wheel","Carrie Underwood"
"273",272,"Best Male Country Vocal Performance",2006,"Country","The Reason Why","Vince Gill"
"274",273,"Best Country Song",2006,"Country","Jesus, Take the Wheel","Carrie Underwood"
"275",274,"Record Of The Year",2005,"General","Boulevard of Broken Dreams","Green Day"
"276",275,"Song Of The Year",2005,"General","Sometimes you Can't Make it on your Own","Bono, Adam Clayton, Edge, Larry Mullen Jr), Songwriters (U2"
"277",276,"Best Female Pop Vocal Performance",2005,"Pop","Since u Been Gone","Kelly Clarkson"
"278",277,"Best Male Pop Vocal Performance",2005,"Pop","From the Bottom of My Heart","Stevie Wonder"
"279",278,"Best Pop Performance By A Duo Or Group With Vocal",2005,"Pop","this Love","Maroon 5"
"280",279,"Best Pop Collaboration With Vocals",2005,"Pop","Feel Good Inc.","Gorillaz Featuring De La Soul"
"281",280,"Best Dance Recording",2005,"Dance/Electronic Music","Galvanize","The Chemical Brothers Featuring q-Tip"
"282",281,"Best Rock Performance By A Duo Or Group With Vocal",2005,"Rock","Sometimes you Can't Make it on your Own","U2"
"283",282,"Best Hard Rock Performance",2005,"Rock","B.y.o.b.","System of a Down"
"284",283,"Best Metal Performance",2005,"Rock","Before i Forget","Slipknot"
"285",284,"Best Rock Song",2005,"Rock","City of Blinding Lights","Bono, Adam Clayton, Edge, Larry Mullen Jr), Songwriter (U2"
"286",285,"Best Female R&B Vocal Performance",2005,"R&B","We Belong Together","Mariah Carey"
"287",286,"Best Male R&B Vocal Performance",2005,"R&B","Ordinary People","John Legend"
"288",287,"Best R&B Performance By A Duo Or Group With Vocals",2005,"R&B","So Amazing","beyoncé & Stevie Wonder"
"289",288,"Best Urban/Alternative Performance",2005,"R&B","Welcome to Jamrock","Damian Marley"
"290",289,"Best R&B Song",2005,"R&B","We Belong Together","Mariah Carey"
"291",290,"Best Rap Solo Performance",2005,"Rap","Gold Digger","Kanye West"
"292",291,"Best Rap Performance By A Duo Or Group",2005,"Rap","Don't Phunk with My Heart","The Black Eyed Peas"
"293",292,"Best Rap Song",2005,"Rap","Diamonds from Sierra Leone","Kanye West"
"294",293,"Best Female Country Vocal Performance",2005,"Country","The Connection","Emmylou Harris"
"295",294,"Best Male Country Vocal Performance",2005,"Country","You'll Think of Me","Keith Urban"
"296",295,"Best Country Song",2005,"Country","Bless the Broken Road","Rascal Flatts"
"297",296,"Record Of The Year",2004,"General","Here We Go Again","Norah Jones"
"298",297,"Song Of The Year",2004,"General","Daughters","John Mayer"
"299",298,"Best Female Pop Vocal Performance",2004,"Pop","Sunrise","Norah Jones"
"300",299,"Best Male Pop Vocal Performance",2004,"Pop","Daughters","John Mayer"
"301",300,"Best Pop Performance By A Duo Or Group With Vocal",2004,"Pop","Heaven","Los Lonely Boys"
"302",301,"Best Pop Collaboration With Vocals",2004,"Pop","Here We Go Again","Norah Jones"
"303",302,"Best Dance Recording",2004,"Dance/Electronic Music","Toxic","Britney Spears"
"304",303,"Best Rock Performance By A Duo Or Group With Vocal",2004,"Rock","Vertigo","U2"
"305",304,"Best Hard Rock Performance",2004,"Rock","Slither","Velvet Revolver"
"306",305,"Best Metal Performance",2004,"Rock","Whiplash","motörhead"
"307",306,"Best Rock Song",2004,"Rock","Vertigo","Bono, Adam Clayton, the Edge, Larry Mullen, Jr), Songwriter (U2"
"308",307,"Best Female R&B Vocal Performance",2004,"R&B","If i Ain't Got you","Alicia Keys"
"309",308,"Best Male R&B Vocal Performance",2004,"R&B","Call My Name","Prince"
"310",309,"Best R&B Performance By A Duo Or Group With Vocals",2004,"R&B","My Boo","Usher& Alicia Keys"
"311",310,"Best Urban/Alternative Performance",2004,"R&B","Cross My Mind","Jill Scott"
"312",311,"Best R&B Song",2004,"R&B","you Don't Know My Name","Alicia Keys"
"313",312,"Best Rap Solo Performance",2004,"Rap","99 Problems","Jay-z"
"314",313,"Best Rap Performance By A Duo Or Group",2004,"Rap","Let's Get it Started","The Black Eyed Peas"
"315",314,"Best Rap Song",2004,"Rap","Jesus Walks","Kanye West"
"316",315,"Best Female Country Vocal Performance",2004,"Country","Redneck Woman","Gretchen Wilson"
"317",316,"Best Male Country Vocal Performance",2004,"Country","Live Like you Were Dying","Tim Mcgraw"
"318",317,"Best Country Song",2004,"Country","Live Like you Were Dying","Tim Mcgraw"
"319",318,"Record Of The Year",2003,"General","Clocks","Coldplay"
"320",319,"Song Of The Year",2003,"General","Dance with My Father","Luther Vandross"
"321",320,"Best Female Pop Vocal Performance",2003,"Pop","Beautiful","Christina Aguilera"
"322",321,"Best Male Pop Vocal Performance",2003,"Pop","Cry Me a River","Justin Timberlake"
"323",322,"Best Pop Performance By A Duo Or Group With Vocal",2003,"Pop","Underneath it all","No Doubt"
"324",323,"Best Pop Collaboration With Vocals",2003,"Pop","Whenever i Say your Name","Sting & Mary j Blige"
"325",324,"Best Dance Recording",2003,"Dance/Electronic Music","Come into My World","Kylie Minogue"
"326",325,"Best Female Rock Vocal Performance",2003,"Rock","Trouble","Pink"
"327",326,"Best Male Rock Vocal Performance",2003,"Rock","Gravedigger","Dave Matthews"
"328",327,"Best Rock Performance By A Duo Or Group With Vocal",2003,"Rock","Disorder in the House","Bruce Springsteen"
"329",328,"Best Hard Rock Performance",2003,"Rock","Bring Me to Life","Evanescence Featuring Paul Mccoy"
"330",329,"Best Metal Performance",2003,"Rock","St. Anger","Metallica"
"331",330,"Best Rock Song",2003,"Rock","Seven Nation Army","The White Stripes"
"332",331,"Best Female R&B Vocal Performance",2003,"R&B","Dangerously in Love 2","beyoncé"
"333",332,"Best Male R&B Vocal Performance",2003,"R&B","Dance with My Father","Luther Vandross"
"334",333,"Best R&B Performance By A Duo Or Group With Vocals",2003,"R&B","The Closer i Get to you","beyoncé & Luther Vandross"
"335",334,"Best Urban/Alternative Performance",2003,"R&B","Hey Ya!","Outkast"
"336",335,"Best R&B Song",2003,"R&B","Crazy in Love",""
"337",336,"Best Female Rap Solo Performance",2003,"Rap","Work it","Missy Elliott"
"338",337,"Best Male Rap Solo Performance",2003,"Rap","Lose Yourself","Eminem"
"339",338,"Best Rap Performance By A Duo Or Group",2003,"Rap","Shake Ya Tailfeather","Nelly, p Diddy & Murphy Lee"
"340",339,"Best Rap Song",2003,"Rap","Lose Yourself","Eminem"
"341",340,"Best Female Country Vocal Performance",2003,"Country","Keep on the Sunny Side","June Carter Cash"
"342",341,"Best Male Country Vocal Performance",2003,"Country","Next Big Thing","Vince Gill"
"343",342,"Best Country Song",2003,"Country","It's Five O'clock Somewhere","Alan Jackson & Jimmy Buffett"
"344",343,"Record Of The Year",2002,"General","Don't Know Why","Norah Jones"
"345",344,"Song Of The Year",2002,"General","Don't Know Why","Norah Jones"
"346",345,"Best Female Pop Vocal Performance",2002,"Pop","Don't Know Why","Norah Jones"
"347",346,"Best Male Pop Vocal Performance",2002,"Pop","your Body is a Wonderland","John Mayer"
"348",347,"Best Pop Performance By A Duo Or Group With Vocal",2002,"Pop","Hey Baby","No Doubt"
"349",348,"Best Pop Collaboration With Vocals",2002,"Pop","The Game of Love","Carlos santana & Michelle Branch"
"350",349,"Best Dance Recording",2002,"Dance/Electronic Music","Days Go by","Dirty Vegas"
"351",350,"Best Female Rock Vocal Performance",2002,"Rock","Steve Mcqueen","Sheryl Crow"
"352",351,"Best Male Rock Vocal Performance",2002,"Rock","The Rising","Bruce Springsteen"
"353",352,"Best Rock Performance By A Duo Or Group With Vocal",2002,"Rock","In My Place","Coldplay"
"354",353,"Best Hard Rock Performance",2002,"Rock","all My Life","Foo Fighters"
"355",354,"Best Metal Performance",2002,"Rock","Here to Stay","Korn"
"356",355,"Best Rock Song",2002,"Rock","The Rising","Bruce Springsteen"
"357",356,"Best Female R&B Vocal Performance",2002,"R&B","He Think i Don't Know","Mary j Blige"
"358",357,"Best Male R&B Vocal Performance",2002,"R&B","u Don't Have to Call","Usher"
"359",358,"Best Urban/Alternative Performance",2002,"R&B","Little Things","Indiaarie"
"360",359,"Best R&B Song",2002,"R&B","Love of My Life (an Ode to Hip Hop)","Erykah Badu Featuring Common"
"361",360,"Best Female Rap Solo Performance",2002,"Rap","Scream A.k.a. Itchin'","Missy Elliott"
"362",361,"Best Male Rap Solo Performance",2002,"Rap","Hot in Herre","Nelly"
"363",362,"Best Rap Performance By A Duo Or Group",2002,"Rap","The Whole World","Outkast Featuring Killer Mike"
"364",363,"Best Female Country Vocal Performance",2002,"Country","Cry","Faith Hill"
"365",364,"Best Male Country Vocal Performance",2002,"Country","Give My Love to Rose","Johnny Cash"
"366",365,"Best Country Song",2002,"Country","where Were you (when the World Stopped Turning)","Alan Jackson"
"367",366,"Record Of The Year",2001,"General","Walk on","U2"
"368",367,"Song Of The Year",2001,"General","Fallin'","Alicia Keys"
"369",368,"Best Female Pop Vocal Performance",2001,"Pop","I'm Like a Bird","Nelly Furtado"
"370",369,"Best Male Pop Vocal Performance",2001,"Pop","Don't Let Me be Lonely Tonight","James Taylor"
"371",370,"Best Pop Performance By A Duo Or Group With Vocal",2001,"Pop","Stuck in a Moment you Can't Get Out of","U2"
"372",371,"Best Pop Collaboration With Vocals",2001,"Pop","Lady Marmalade","Christina Aguilera, Lil' Kim, Mya & Pink"
"373",372,"Best Dance Recording",2001,"Pop","all for you","Janet Jackson"
"374",373,"Best Female Rock Vocal Performance",2001,"Rock","Get Right with God","Lucinda Williams"
"375",374,"Best Male Rock Vocal Performance",2001,"Rock","Dig in","Lenny Kravitz"
"376",375,"Best Rock Performance By A Duo Or Group With Vocal",2001,"Rock","Elevation","U2"
"377",376,"Best Hard Rock Performance",2001,"Rock","Crawling","Linkin Park"
"378",377,"Best Metal Performance",2001,"Rock","Schism","Tool"
"379",378,"Best Rock Song",2001,"Rock","Drops of Jupiter","Train"
"380",379,"Best Female R&B Vocal Performance",2001,"R&B","Fallin'","Alicia Keys"
"381",380,"Best Male R&B Vocal Performance",2001,"R&B","u Remind Me","Usher"
"382",381,"Best R&B Song",2001,"R&B","Fallin'","Alicia Keys"
"383",382,"Best Rap Solo Performance",2001,"Rap","Get Ur Freak on","Missy ""Misdemeanor"" Elliott"
"384",383,"Best Rap Performance By A Duo Or Group",2001,"Rap","Ms. Jackson","Outkast"
"385",384,"Best Female Country Vocal Performance",2001,"Country","Shine","Dolly Parton"
"386",385,"Best Male Country Vocal Performance",2001,"Country","o Death","Ralph Stanley"
"387",386,"Best Country Song",2001,"Country","The Lucky One","Alison Krauss & Union Station"
"388",387,"Record Of The Year",2000,"General","Beautiful Day","U2"
"389",388,"Song Of The Year",2000,"General","Beautiful Day","Bono, Adam Clayton, Edge, Larry Mullen Jr), Songwriter (U2"
"390",389,"Best Female Pop Vocal Performance",2000,"Pop","i Try","Macy Gray"
"391",390,"Best Male Pop Vocal Performance",2000,"Pop","She Walks this Earth (Soberana Rosa)","Sting"
"392",391,"Best Pop Performance By A Duo Or Group With Vocal",2000,"Pop","Cousin Dupree","Steely Dan"
"393",392,"Best Pop Collaboration With Vocals",2000,"Pop","Is you Is, or is you Ain't (My Baby)","Bb. King & Dr. John"
"394",393,"Best Dance Recording",2000,"Pop","Who Let the Dogs Out","Baha Men"
"395",394,"Best Female Rock Vocal Performance",2000,"Rock","There Goes the Neighborhood","Sheryl Crow"
"396",395,"Best Male Rock Vocal Performance",2000,"Rock","Again","Lenny Kravitz"
"397",396,"Best Rock Performance By A Duo Or Group With Vocal",2000,"Rock","Beautiful Day","U2"
"398",397,"Best Hard Rock Performance",2000,"Rock","Guerrilla Radio","Rage Against the Machine"
"399",398,"Best Metal Performance",2000,"Rock","Elite","Deftones"
"400",399,"Best Rock Song",2000,"Rock","With Arms Wide Open","Creed"
"401",400,"Best Female R&B Vocal Performance",2000,"R&B","He Wasn't Man Enough","Toni Braxton"
"402",401,"Best Male R&B Vocal Performance",2000,"R&B","Untitled (How Does it Feel)","D'angelo"
"403",402,"Best R&B Song",2000,"R&B","Say My Name","Destiny's Child"
"404",403,"Best Rap Solo Performance",2000,"Rap","The Real Slim Shady","Eminem"
"405",404,"Best Rap Performance By A Duo Or Group",2000,"Rap","Forgot About Dre","Dr Dre Featuring Eminem"
"406",405,"Best Female Country Vocal Performance",2000,"Country","Breathe","Faith Hill"
"407",406,"Best Male Country Vocal Performance",2000,"Country","Solitary Man","Johnny Cash"
"408",407,"Best Country Song",2000,"Country","i Hope you Dance","Lee Ann Womack"
"409",408,"Record Of The Year",1999,"General","Smooth","santana featuring Rob Thomas"
"410",409,"Song Of The Year",1999,"General","Smooth","Santana Featuring Rob Thomas"
"411",410,"Best Female Pop Vocal Performance",1999,"Pop","i will Remember you","Sarah Mclachlan"
"412",411,"Best Male Pop Vocal Performance",1999,"Pop","Brand New Day","Sting"
"413",412,"Best Pop Performance By A Duo Or Group With Vocal",1999,"Pop","Maria Maria","Santana"
"414",413,"Best Pop Collaboration With Vocals",1999,"Pop","Smooth","santana featuring Rob Thomas"
"415",414,"Best Dance Recording",1999,"Pop","Believe","Cher"
"416",415,"Best Female Rock Vocal Performance",1999,"Rock","Sweet Child O' Mine","Sheryl Crow"
"417",416,"Best Male Rock Vocal Performance",1999,"Rock","American Woman","Lenny Kravitz"
"418",417,"Best Rock Performance By A Duo Or Group With Vocal",1999,"Rock","Put your Lights on","santana featuring Everlast"
"419",418,"Best Hard Rock Performance",1999,"Rock","Whiskey in the jar","Metallica"
"420",419,"Best Metal Performance",1999,"Rock","Iron Man","Black Sabbath"
"421",420,"Best Rock Song",1999,"Rock","Scar Tissue","Red Hot Chili Peppers"
"422",421,"Best Female R&B Vocal Performance",1999,"R&B","It's not Right but It's Okay","Whitney Houston"
"423",422,"Best Male R&B Vocal Performance",1999,"R&B","Staying Power","Barry White"
"424",423,"Best Rap Solo Performance",1999,"Rap","My Name is","Eminem"
"425",424,"Best Rap Performance By A Duo Or Group",1999,"Rap","you Got Me","The roots featuring Erykah Badu"
"426",425,"Best Female Country Vocal Performance",1999,"Country","Man! i Feel Like a Woman!","Shania Twain"
"427",426,"Best Male Country Vocal Performance",1999,"Country","Choices","George Jones"
"428",427,"Best Country Song",1999,"Country","Come on over","Shania Twain"
